company,year,revenue,net_profit,operating_profit,total_debt,eps
TCS,2022,191754,38449,53057,43967,104.75
TCS,2023,225458,42303,59259,44747,115.19
TCS,2024,240893,46099,64296,46962,126.88
TCS,2025,255324,48797,67407,54501,134.20
TCS,2026,267021,49210,66857,,136.01
Infosys,2022,121641,22146,31491,5474,52.56
Infosys,2023,146767,24108,35130,8299,58.08
Infosys,2024,153670,26248,36425,8359,63.20
Infosys,2025,162990,26713,34228,8804,64.50
Infosys,2026,178650,29440,36192,,75.72
Wipro,2022,79312,12219,16684,17770,11.15
Wipro,2023,90488,11350,16839,17186,10.34
Wipro,2024,89760,11045,16752,16497,10.41
Wipro,2025,89088,13135,18021,19051,12.52
Wipro,2026,92624,13200,17811,,12.60
HCL Technologies,2022,,13499,20529,,49.74
HCL Technologies,2023,,14851,22628,,54.73
HCL Technologies,2024,,15710,24198,,57.89
HCL Technologies,2025,117055,17390,25504,,64.08
HCL Technologies,2026,130144,16642,,,61.33
Tech Mahindra,2022,44646,5627.3,,,63.32
Tech Mahindra,2023,53290.2,4886,,,54.76
Tech Mahindra,2024,51995.5,2386.3,,,26.66
Tech Mahindra,2025,52988.3,4244.4,,,48.00
Tech Mahindra,2026,56815,4811,7152,,54.00
LTIMindtree,2022,26109,3948,,1429,133.35
LTIMindtree,2023,33183,4408,,1493,148.83
LTIMindtree,2024,35517,4582,,2002,154.48
LTIMindtree,2025,38008,4599,,2270,155.00
LTIMindtree,2026,42307.6,5018.1,,,169.10
Persistent Systems,2022,,,,,
Persistent Systems,2023,,,,,
Persistent Systems,2024,,,,,
Persistent Systems,2025,11939,1400.16,,,89.84
Persistent Systems,2026,14748.5,1865.12,,,118.23
Coforge,2022,6432,661.7,,,
Coforge,2023,8015,812,,,
Coforge,2024,9009,808,,,
Coforge,2025,12051,812.1,,,
Coforge,2026,16402.7,1555.7,,,
Mphasis,2022,,,,,
Mphasis,2023,,,,,
Mphasis,2024,,,,,
Mphasis,2025,14229.99,1702.14,2646.8,,
Mphasis,2026,15879.65,1862.60,2978.9,,
L&T Technology Services,2022,6569.7,957,1414.9,,
L&T Technology Services,2023,8013.6,1169.8,1710.7,,
L&T Technology Services,2024,9647.3,1303.7,1919.0,,
L&T Technology Services,2025,9642.2,1266.7,1789.7,,
L&T Technology Services,2026,10995.9,1279.2,1935.0,,
